id,region,price,requests,pledge,weight,sender,senderImg,themeColor,themeColorHex,bgImgUrl,rating,ratingCount,fromStreet,fromCity,toStreet,toCity,delivTime,delivDate,delivDateNoun,reqDl,fromLat,fromLng,toLat,toLng
2618-3200,Occitanie,25,8,150,50,Camille Martin,https://s3-us-west-2.amazonaws.com/s.cdpn.io/142996/deliv-sender.jpg,purple,#BA68C8,https://s3-us-west-2.amazonaws.com/s.cdpn.io/142996/deliv-1.jpg,5,26,Place de la Comédie,34000 Montpellier,Place de Lisbonne,34000 Montpellier,,,Today,24 minutes,43.6085,3.88,43.604,3.919
2618-3199,Occitanie,37,8,222,66,Lucas Bernard,https://s3-us-west-2.amazonaws.com/s.cdpn.io/142996/deliv-sender.jpg,green,#52A43A,https://s3-us-west-2.amazonaws.com/s.cdpn.io/142996/deliv-2.jpg,4,21,Place Auguste Gibert,34000 Montpellier,Avenue de l'Europe,34170 Castelnau-le-Lez,,,Today,24 minutes,43.6045,3.8806,43.632,3.901
2618-3198,Occitanie,89,21,480,310,Chloé Dubois,https://s3-us-west-2.amazonaws.com/s.cdpn.io/142996/deliv-sender.jpg,orange,#F7AA17,https://s3-us-west-2.amazonaws.com/s.cdpn.io/142996/deliv-3.jpg,5,34,Place du Nombre d'Or,34000 Montpellier,Quai de Bosc,34200 Sète,,,Today,24 minutes,43.6082,3.887,43.404,3.696
2618-3197,Occitanie,13,11,231,55,Inès Fontaine,https://s3-us-west-2.amazonaws.com/s.cdpn.io/142996/deliv-sender.jpg,red,#EF5350,https://s3-us-west-2.amazonaws.com/s.cdpn.io/142996/deliv-4.jpg,4,41,Place du Capitole,31000 Toulouse,Avenue de Grande-Bretagne,31300 Toulouse,,,Today,24 minutes,43.6045,1.444,43.6,1.415
2618-3196,Occitanie,19,4,95,30,Jules Blanc,https://s3-us-west-2.amazonaws.com/s.cdpn.io/142996/deliv-sender.jpg,purple,#BA68C8,https://s3-us-west-2.amazonaws.com/s.cdpn.io/142996/deliv-5.jpg,4,17,Boulevard Victor Hugo,30000 Nîmes,Avenue Jean Jaurès,30900 Nîmes,,,Today,24 minutes,43.837,4.357,43.829,4.35
2618-3195,Île-de-France,12,3,80,20,Hugo Moreau,https://s3-us-west-2.amazonaws.com/s.cdpn.io/142996/deliv-sender.jpg,green,#52A43A,https://s3-us-west-2.amazonaws.com/s.cdpn.io/142996/deliv-6.jpg,5,15,Rue de Rivoli,75001 Paris,Avenue de France,75013 Paris,,,Today,24 minutes,48.8606,2.3376,48.83,2.377
2618-3194,Île-de-France,55,14,340,120,Emma Petit,https://s3-us-west-2.amazonaws.com/s.cdpn.io/142996/deliv-sender.jpg,orange,#F7AA17,https://s3-us-west-2.amazonaws.com/s.cdpn.io/142996/deliv-7.jpg,5,52,Boulevard Haussmann,75009 Paris,Parvis de la Défense,92800 Puteaux,,,Today,24 minutes,48.8738,2.332,48.892,2.238
2618-3193,Île-de-France,22,6,130,45,Louis Durand,https://s3-us-west-2.amazonaws.com/s.cdpn.io/142996/deliv-sender.jpg,red,#EF5350,https://s3-us-west-2.amazonaws.com/s.cdpn.io/142996/deliv-8.jpg,3,11,Rue du Faubourg Saint-Antoine,75011 Paris,Avenue de Paris,94300 Vincennes,,,Today,24 minutes,48.8515,2.377,48.847,2.438
2618-3192,Auvergne-Rhône-Alpes,80,25,550,250,Léa Laurent,https://s3-us-west-2.amazonaws.com/s.cdpn.io/142996/deliv-sender.jpg,purple,#BA68C8,https://s3-us-west-2.amazonaws.com/s.cdpn.io/142996/deliv-1.jpg,5,66,Place Bellecour,69002 Lyon,Rue de la Villette,69003 Lyon,,,Today,24 minutes,45.7578,4.832,45.7605,4.8595
2618-3191,Auvergne-Rhône-Alpes,34,8,190,70,Gabriel Simon,https://s3-us-west-2.amazonaws.com/s.cdpn.io/142996/deliv-sender.jpg,green,#52A43A,https://s3-us-west-2.amazonaws.com/s.cdpn.io/142996/deliv-2.jpg,4,24,Place des Terreaux,69001 Lyon,Cours Émile Zola,69100 Villeurbanne,,,Today,24 minutes,45.7675,4.8335,45.77,4.88
2618-3190,Auvergne-Rhône-Alpes,41,10,245,88,Alice Michel,https://s3-us-west-2.amazonaws.com/s.cdpn.io/142996/deliv-sender.jpg,orange,#F7AA17,https://s3-us-west-2.amazonaws.com/s.cdpn.io/142996/deliv-3.jpg,5,29,Place Grenette,38000 Grenoble,Avenue Gabriel Péri,38400 Saint-Martin-d'Hères,,,Today,24 minutes,45.1905,5.727,45.178,5.758
2618-3189,Provence-Alpes-Côte d'Azur,49,17,299,149,Mathis Girard,https://s3-us-west-2.amazonaws.com/s.cdpn.io/142996/deliv-sender.jpg,red,#EF5350,https://s3-us-west-2.amazonaws.com/s.cdpn.io/142996/deliv-4.jpg,4,28,Quai du Port,13002 Marseille,Avenue du Prado,13008 Marseille,,,Today,24 minutes,43.2965,5.3698,43.272,5.389
2618-3188,Provence-Alpes-Côte d'Azur,72,21,420,180,Jade Lambert,https://s3-us-west-2.amazonaws.com/s.cdpn.io/142996/deliv-sender.jpg,purple,#BA68C8,https://s3-us-west-2.amazonaws.com/s.cdpn.io/142996/deliv-5.jpg,5,47,Promenade des Anglais,06000 Nice,Boulevard d'Aguillon,06600 Antibes,,,Today,24 minutes,43.695,7.265,43.581,7.128
2618-3187,Provence-Alpes-Côte d'Azur,58,13,310,110,Raphaël Bonnet,https://s3-us-west-2.amazonaws.com/s.cdpn.io/142996/deliv-sender.jpg,green,#52A43A,https://s3-us-west-2.amazonaws.com/s.cdpn.io/142996/deliv-6.jpg,4,20,Cours Mirabeau,13100 Aix-en-Provence,Gare TGV,13290 Aix-en-Provence,,,Today,24 minutes,43.527,5.447,43.455,5.317
2618-3186,Nouvelle-Aquitaine,99,33,611,432,Manon Lefèvre,https://s3-us-west-2.amazonaws.com/s.cdpn.io/142996/deliv-sender.jpg,orange,#F7AA17,https://s3-us-west-2.amazonaws.com/s.cdpn.io/142996/deliv-7.jpg,2,12,Cours de l'Intendance,33000 Bordeaux,Quai de Bacalan,33300 Bordeaux,,,Today,24 minutes,44.8425,-0.577,44.865,-0.553
2618-3185,Nouvelle-Aquitaine,27,7,160,60,Arthur Rousseau,https://s3-us-west-2.amazonaws.com/s.cdpn.io/142996/deliv-sender.jpg,red,#EF5350,https://s3-us-west-2.amazonaws.com/s.cdpn.io/142996/deliv-8.jpg,4,18,Place de la Victoire,33000 Bordeaux,Avenue Thiers,33100 Bordeaux,,,Today,24 minutes,44.831,-0.572,44.843,-0.555
2618-3184,Nouvelle-Aquitaine,31,5,175,52,Louise Vincent,https://s3-us-west-2.amazonaws.com/s.cdpn.io/142996/deliv-sender.jpg,purple,#BA68C8,https://s3-us-west-2.amazonaws.com/s.cdpn.io/142996/deliv-1.jpg,5,14,Quai Duperré,17000 La Rochelle,Avenue Michel Crépeau,17000 La Rochelle,,,Today,24 minutes,46.159,-1.152,46.148,-1.154
2618-3183,Hauts-de-France,61,15,318,130,Nathan Roux,https://s3-us-west-2.amazonaws.com/s.cdpn.io/142996/deliv-sender.jpg,green,#52A43A,https://s3-us-west-2.amazonaws.com/s.cdpn.io/142996/deliv-2.jpg,3,19,Rue Faidherbe,59800 Lille,Grande Rue,59100 Roubaix,,,Today,24 minutes,50.6375,3.068,50.6905,3.178
2618-3182,Hauts-de-France,38,9,205,75,Zoé Muller,https://s3-us-west-2.amazonaws.com/s.cdpn.io/142996/deliv-sender.jpg,orange,#F7AA17,https://s3-us-west-2.amazonaws.com/s.cdpn.io/142996/deliv-3.jpg,4,22,Grand Place,59800 Lille,Boulevard du Breucq,59650 Villeneuve-d'Ascq,,,Today,24 minutes,50.637,3.0635,50.64,3.13
2618-3181,Pays de la Loire,28,6,140,40,Théo Mercier,https://s3-us-west-2.amazonaws.com/s.cdpn.io/142996/deliv-sender.jpg,red,#EF5350,https://s3-us-west-2.amazonaws.com/s.cdpn.io/142996/deliv-4.jpg,5,23,Place du Commerce,44000 Nantes,Rue Jean Jaurès,44400 Rezé,,,Today,24 minutes,47.213,-1.559,47.192,-1.552
2618-3180,Pays de la Loire,24,5,120,35,Lina Faure,https://s3-us-west-2.amazonaws.com/s.cdpn.io/142996/deliv-sender.jpg,purple,#BA68C8,https://s3-us-west-2.amazonaws.com/s.cdpn.io/142996/deliv-5.jpg,4,13,Place du Ralliement,49100 Angers,Avenue Montaigne,49100 Angers,,,Today,24 minutes,47.4715,-0.552,47.469,-0.531
2618-3179,Grand Est,45,11,260,95,Sarah Garnier,https://s3-us-west-2.amazonaws.com/s.cdpn.io/142996/deliv-sender.jpg,green,#52A43A,https://s3-us-west-2.amazonaws.com/s.cdpn.io/142996/deliv-6.jpg,4,30,Place Kléber,67000 Strasbourg,Allée de la Robertsau,67000 Strasbourg,,,Today,24 minutes,48.5835,7.7458,48.59,7.77
2618-3178,Grand Est,36,8,200,68,Adam Chevalier,https://s3-us-west-2.amazonaws.com/s.cdpn.io/142996/deliv-sender.jpg,orange,#F7AA17,https://s3-us-west-2.amazonaws.com/s.cdpn.io/142996/deliv-7.jpg,5,25,Place Stanislas,54000 Nancy,Avenue de la Libération,54000 Nancy,,,Today,24 minutes,48.6936,6.183,48.7,6.165
2618-3177,Bretagne,29,7,165,58,Rose Gauthier,https://s3-us-west-2.amazonaws.com/s.cdpn.io/142996/deliv-sender.jpg,red,#EF5350,https://s3-us-west-2.amazonaws.com/s.cdpn.io/142996/deliv-8.jpg,5,31,Place de la Mairie,35000 Rennes,Avenue Henri Fréville,35200 Rennes,,,Today,24 minutes,48.1115,-1.679,48.093,-1.675
2618-3176,Bretagne,21,4,110,38,Maël Le Gall,https://s3-us-west-2.amazonaws.com/s.cdpn.io/142996/deliv-sender.jpg,purple,#BA68C8,https://s3-us-west-2.amazonaws.com/s.cdpn.io/142996/deliv-1.jpg,4,16,Rue de Siam,29200 Brest,Rue Jean Jaurès,29200 Brest,,,Today,24 minutes,48.389,-4.488,48.397,-4.48
